"","cluster","salMean","clicksMean","charMean","wordMean","summerMean","springMean","winterMean","reviewsMean"
"1",1,-0.130339031015669,-0.184733472533007,1.40557286481828,1.31757012620694,0.27269237716763,0.267837789017341,0.459469833815029,0.548410404624277
"2",2,1.86716288777043,-0.25628244051571,0.24753678417975,0.238825110114822,0.246873177370229,0.268809539239194,0.484317283390577,0.49300110167844
"3",3,-0.348698365355699,-0.197269627279023,-1.14385156661794,-1.17228857895258,0.263144246353323,0.274246353322528,0.462609400324149,0.411037277147488
"4",4,-0.390360744965477,-0.36143374261274,0.0415987538392196,0.125053596077306,0.265399938706712,0.274563285320257,0.460036775973031,0.551103279190929
"5",5,-0.199782014867918,2.13039554428305,-0.0833504924664246,-0.0638490696214536,0.293697099186457,0.269372996959487,0.436929903854055,0.510559618703262
